,Breathing Problem,Fever,Dry Cough,Sore throat,Running Nose,Asthma,Chronic Lung Disease,Headache,Heart Disease,Diabetes,Hyper Tension,Fatigue ,Gastrointestinal ,Abroad travel,Contact with COVID Patient,Attended Large Gathering,Visited Public Exposed Places,Family working in Public Exposed Places,Wearing Masks,Sanitization from Market,COVID-19
count,5434.0,5434.0,5434.0,5434.0,5434.0,5434.0,5434.0,5434.0,5434.0,5434.0,5434.0,5434.0,5434.0,5434.0,5434.0,5434.0,5434.0,5434.0,5434.0,5434.0,5434.0
mean,0.6661759293338241,0.7863452337136547,0.7926021347073978,0.7274567537725433,0.5432462274567538,0.4626426205373574,0.47202797202797203,0.5034965034965035,0.4642988590357011,0.4762605815237394,0.49006256900993744,0.5191387559808612,0.4694516010305484,0.45104895104895104,0.5016562384983437,0.4619065145380935,0.5189547294810453,0.41626794258373206,0.0,0.0,0.8065881486934119
std,0.4716211327739574,0.4099235665965471,0.40548026751388566,0.44530878904756294,0.49817209342489355,0.4986483574853146,0.4992628934027898,0.5000337861645077,0.4987696953792399,0.4994820831364206,0.4999472415983911,0.49967955300634165,0.4991118498366407,0.49764381725600054,0.5000432695898289,0.4985926537423099,0.4996865689546946,0.49298444924353374,0.0,0.0,0.39500939378839356
min,0.0,0.0,0.0,0.0,0.0,0.0,0.0,0.0,0.0,0.0,0.0,0.0,0.0,0.0,0.0,0.0,0.0,0.0,0.0,0.0,0.0
25%,0.0,1.0,1.0,0.0,0.0,0.0,0.0,0.0,0.0,0.0,0.0,0.0,0.0,0.0,0.0,0.0,0.0,0.0,0.0,0.0,1.0
50%,1.0,1.0,1.0,1.0,1.0,0.0,0.0,1.0,0.0,0.0,0.0,1.0,0.0,0.0,1.0,0.0,1.0,0.0,0.0,0.0,1.0
75%,1.0,1.0,1.0,1.0,1.0,1.0,1.0,1.0,1.0,1.0,1.0,1.0,1.0,1.0,1.0,1.0,1.0,1.0,0.0,0.0,1.0
max,1.0,1.0,1.0,1.0,1.0,1.0,1.0,1.0,1.0,1.0,1.0,1.0,1.0,1.0,1.0,1.0,1.0,1.0,0.0,0.0,1.0
